 16COOL       AUTO    ON   0x64, 0x80, 0x00, 0x24, 0xC0, 0xF0, 0x02, 0x00, 0x00, 0x00, 0x0
 17COOL       AUTO    ON   0x64, 0x80, 0x00, 0x24, 0xC0, 0x70, 0x02, 0x00, 0x00, 0x00, 0x0
 18COOL       AUTO    ON   0x64, 0x80, 0x00, 0x24, 0xC0, 0xB0, 0x02, 0x00, 0x00, 0x00, 0x0
 19COOL       AUTO    ON   0x64, 0x80, 0x00, 0x24, 0xC0, 0x30, 0x02, 0x00, 0x00, 0x00, 0x0
 20COOL       AUTO    ON   0x64, 0x80, 0x00, 0x24, 0xC0, 0xD0, 0x02, 0x00, 0x00, 0x00, 0x0
 21COOL       AUTO    ON   0x64, 0x80, 0x00, 0x24, 0xC0, 0x50, 0x02, 0x00, 0x00, 0x00, 0x0
 22COOL       AUTO    ON   0x64, 0x80, 0x00, 0x04, 0xC0, 0x90, 0x02, 0x00, 0x00, 0x00, 0x0
 23COOL       AUTO    ON   0x64, 0x80, 0x00, 0x24, 0xC0, 0x10, 0x02, 0x00, 0x00, 0x00, 0x0
 24COOL       AUTO    ON   0x64, 0x80, 0x00, 0x24, 0xC0, 0xE0, 0x02, 0x00, 0x00, 0x00, 0x0
 25COOL       AUTO    ON   0x64, 0x80, 0x00, 0x24, 0xC0, 0x60, 0x02, 0x00, 0x00, 0x00, 0x0
 26COOL       AUTO    ON   0x64, 0x80, 0x00, 0x24, 0xC0, 0xA0, 0x02, 0x00, 0x00, 0x00, 0x0
 27COOL       AUTO    ON   0x64, 0x80, 0x00, 0x24, 0xC0, 0x20, 0x02, 0x00, 0x00, 0x00, 0x0
 28COOL       AUTO    ON   0x64, 0x80, 0x00, 0x24, 0xC0, 0xC0, 0x02, 0x00, 0x00, 0x00, 0x0
 29COOL       AUTO    ON   0x64, 0x80, 0x00, 0x24, 0xC0, 0x40, 0x02, 0x00, 0x00, 0x00, 0x0
 30COOL       AUTO    ON   0x64, 0x80, 0x00, 0x24, 0xC0, 0x80, 0x02, 0x00, 0x00, 0x00, 0x0
-  AUTO       AUTO    ON   0x64, 0x80, 0x00, 0x24, 0x10, 0xF0, 0x02, 0x00, 0x00, 0x00, 0x0
-  FAN_ONLY   AUTO    ON   0x64, 0x80, 0x00, 0x24, 0xE0, 0xF0, 0x02, 0x00, 0x00, 0x00, 0x0
-  DRY        AUTO    ON   0x64, 0x80, 0x00, 0x24, 0x40, 0xF0, 0x02, 0x00, 0x00, 0x00, 0x0
 16HEAT       AUTO    ON   0x64, 0x80, 0x00, 0x24, 0x80, 0xF0, 0x02, 0x00, 0x00, 0x00, 0x0
 17HEAT       AUTO    ON   0x64, 0x80, 0x00, 0x24, 0x80, 0x70, 0x02, 0x00, 0x00, 0x00, 0x0
 18HEAT       AUTO    ON   0x64, 0x80, 0x00, 0x24, 0x80, 0xB0, 0x02, 0x00, 0x00, 0x00, 0x0
 19HEAT       AUTO    ON   0x64, 0x80, 0x00, 0x24, 0x80, 0x30, 0x02, 0x00, 0x00, 0x00, 0x0
 20HEAT       AUTO    ON   0x64, 0x80, 0x00, 0x24, 0x80, 0xD0, 0x02, 0x00, 0x00, 0x00, 0x0
 21HEAT       AUTO    ON   0x64, 0x80, 0x00, 0x24, 0x80, 0x50, 0x02, 0x00, 0x00, 0x00, 0x0
 22HEAT       AUTO    ON   0x64, 0x80, 0x00, 0x24, 0x80, 0x90, 0x02, 0x00, 0x00, 0x00, 0x0
 23HEAT       AUTO    ON   0x64, 0x80, 0x00, 0x24, 0x80, 0x10, 0x02, 0x00, 0x00, 0x00, 0x0
 24HEAT       AUTO    ON   0x64, 0x80, 0x00, 0x24, 0x80, 0xE0, 0x02, 0x00, 0x00, 0x00, 0x0
 25HEAT       AUTO    ON   0x64, 0x80, 0x00, 0x24, 0x80, 0x60, 0x02, 0x00, 0x00, 0x00, 0x0
 26HEAT       AUTO    ON   0x64, 0x80, 0x00, 0x24, 0x80, 0xA0, 0x02, 0x00, 0x00, 0x00, 0x0
 27HEAT       AUTO    ON   0x64, 0x80, 0x00, 0x24, 0x80, 0x20, 0x02, 0x00, 0x00, 0x00, 0x0
 28HEAT       AUTO    ON   0x64, 0x80, 0x00, 0x24, 0x80, 0xC0, 0x02, 0x00, 0x00, 0x00, 0x0
 29HEAT       AUTO    ON   0x64, 0x80, 0x00, 0x24, 0x80, 0x40, 0x02, 0x00, 0x00, 0x00, 0x0
 30HEAT       AUTO    ON   0x64, 0x80, 0x00, 0x24, 0x80, 0x80, 0x02, 0x00, 0x00, 0x00, 0x0
 16OFF        AUTO    ON   0x64, 0x80, 0x00, 0x04, 0xC0, 0xF0, 0x02, 0x00, 0x00, 0x00, 0x0
 17OFF        AUTO    ON   0x64, 0x80, 0x00, 0x04, 0xC0, 0x70, 0x02, 0x00, 0x00, 0x00, 0x0
 18OFF        AUTO    ON   0x64, 0x80, 0x00, 0x04, 0xC0, 0xB0, 0x02, 0x00, 0x00, 0x00, 0x0
 19OFF        AUTO    ON   0x64, 0x80, 0x00, 0x04, 0xC0, 0x30, 0x02, 0x00, 0x00, 0x00, 0x0
 20OFF        AUTO    ON   0x64, 0x80, 0x00, 0x04, 0xC0, 0xD0, 0x02, 0x00, 0x00, 0x00, 0x0
 21OFF        AUTO    ON   0x64, 0x80, 0x00, 0x04, 0xC0, 0x50, 0x02, 0x00, 0x00, 0x00, 0x0
 22OFF        AUTO    ON   0x64, 0x80, 0x00, 0x04, 0xC0, 0x90, 0x02, 0x00, 0x00, 0x00, 0x0
 23OFF        AUTO    ON   0x64, 0x80, 0x00, 0x04, 0xC0, 0x10, 0x02, 0x00, 0x00, 0x00, 0x0
 24OFF        AUTO    ON   0x64, 0x80, 0x00, 0x04, 0xC0, 0xE0, 0x02, 0x00, 0x00, 0x00, 0x0
 25OFF        AUTO    ON   0x64, 0x80, 0x00, 0x04, 0xC0, 0x60, 0x02, 0x00, 0x00, 0x00, 0x0
 26OFF        AUTO    ON   0x64, 0x80, 0x00, 0x04, 0xC0, 0xA0, 0x02, 0x00, 0x00, 0x00, 0x0
 27OFF        AUTO    ON   0x64, 0x80, 0x00, 0x04, 0xC0, 0x20, 0x02, 0x00, 0x00, 0x00, 0x0
 28OFF        AUTO    ON   0x64, 0x80, 0x00, 0x04, 0xC0, 0xC0, 0x02, 0x00, 0x00, 0x00, 0x0
 29OFF        AUTO    ON   0x64, 0x80, 0x00, 0x04, 0xC0, 0x40, 0x02, 0x00, 0x00, 0x00, 0x0
 30OFF        AUTO    ON   0x64, 0x80, 0x00, 0x04, 0xC0, 0x80, 0x02, 0x00, 0x00, 0x00, 0x0
-  OFF        AUTO    ON   0x64, 0x80, 0x00, 0x04, 0x10, 0xF0, 0x02, 0x00, 0x00, 0x00, 0x0
-  OFF        AUTO    ON   0x64, 0x80, 0x00, 0x04, 0xE0, 0xF0, 0x02, 0x00, 0x00, 0x00, 0x0
-  OFF        AUTO    ON   0x64, 0x80, 0x00, 0x04, 0x40, 0xF0, 0x02, 0x00, 0x00, 0x00, 0x0
 16OFF        AUTO    ON   0x64, 0x80, 0x00, 0x04, 0x80, 0xF0, 0x02, 0x00, 0x00, 0x00, 0x0
 17OFF        AUTO    ON   0x64, 0x80, 0x00, 0x04, 0x80, 0x70, 0x02, 0x00, 0x00, 0x00, 0x0
 18OFF        AUTO    ON   0x64, 0x80, 0x00, 0x04, 0x80, 0xB0, 0x02, 0x00, 0x00, 0x00, 0x0
 19OFF        AUTO    ON   0x64, 0x80, 0x00, 0x04, 0x80, 0x30, 0x02, 0x00, 0x00, 0x00, 0x0
 20OFF        AUTO    ON   0x64, 0x80, 0x00, 0x04, 0x80, 0xD0, 0x02, 0x00, 0x00, 0x00, 0x0
 21OFF        AUTO    ON   0x64, 0x80, 0x00, 0x04, 0x80, 0x50, 0x02, 0x00, 0x00, 0x00, 0x0
 22OFF        AUTO    ON   0x64, 0x80, 0x00, 0x04, 0x80, 0x90, 0x02, 0x00, 0x00, 0x00, 0x0
 23OFF        AUTO    ON   0x64, 0x80, 0x00, 0x04, 0x80, 0x10, 0x02, 0x00, 0x00, 0x00, 0x0
 24OFF        AUTO    ON   0x64, 0x80, 0x00, 0x04, 0x80, 0xE0, 0x02, 0x00, 0x00, 0x00, 0x0
 25OFF        AUTO    ON   0x64, 0x80, 0x00, 0x04, 0x80, 0x60, 0x02, 0x00, 0x00, 0x00, 0x0
 26OFF        AUTO    ON   0x64, 0x80, 0x00, 0x04, 0x80, 0xA0, 0x02, 0x00, 0x00, 0x00, 0x0
 27OFF        AUTO    ON   0x64, 0x80, 0x00, 0x04, 0x80, 0x20, 0x02, 0x00, 0x00, 0x00, 0x0
 28OFF        AUTO    ON   0x64, 0x80, 0x00, 0x04, 0x80, 0xC0, 0x02, 0x00, 0x00, 0x00, 0x0
 29OFF        AUTO    ON   0x64, 0x80, 0x00, 0x04, 0x80, 0x40, 0x02, 0x00, 0x00, 0x00, 0x0
 30OFF        AUTO    ON   0x64, 0x80, 0x00, 0x04, 0x80, 0x80, 0x02, 0x00, 0x00, 0x00, 0x0
 16COOL       AUTO    OFF  0x64, 0x80, 0x00, 0x26, 0xC0, 0xF0, 0x00, 0x00, 0x00, 0x00, 0x0
 17COOL       AUTO    OFF  0x64, 0x80, 0x00, 0x26, 0xC0, 0x70, 0x00, 0x00, 0x00, 0x00, 0x0
 18COOL       AUTO    OFF  0x64, 0x80, 0x00, 0x26, 0xC0, 0xB0, 0x00, 0x00, 0x00, 0x00, 0x0
 19COOL       AUTO    OFF  0x64, 0x80, 0x00, 0x26, 0xC0, 0x30, 0x00, 0x00, 0x00, 0x00, 0x0
 20COOL       AUTO    OFF  0x64, 0x80, 0x00, 0x26, 0xC0, 0xD0, 0x00, 0x00, 0x00, 0x00, 0x0
 21COOL       AUTO    OFF  0x64, 0x80, 0x00, 0x26, 0xC0, 0x50, 0x00, 0x00, 0x00, 0x00, 0x0
 22COOL       AUTO    OFF  0x64, 0x80, 0x00, 0x26, 0xC0, 0x90, 0x00, 0x00, 0x00, 0x00, 0x0
 23COOL       AUTO    OFF  0x64, 0x80, 0x00, 0x26, 0xC0, 0x10, 0x00, 0x00, 0x00, 0x00, 0x0
 24COOL       AUTO    OFF  0x64, 0x80, 0x00, 0x26, 0xC0, 0xE0, 0x00, 0x00, 0x00, 0x00, 0x0
 25COOL       AUTO    OFF  0x64, 0x80, 0x00, 0x26, 0xC0, 0x60, 0x00, 0x00, 0x00, 0x00, 0x0
 26COOL       AUTO    OFF  0x64, 0x80, 0x00, 0x26, 0xC0, 0xA0, 0x00, 0x00, 0x00, 0x00, 0x0
 27COOL       AUTO    OFF  0x64, 0x80, 0x00, 0x26, 0xC0, 0x20, 0x00, 0x00, 0x00, 0x00, 0x0
 28COOL       AUTO    OFF  0x64, 0x80, 0x00, 0x26, 0xC0, 0xC0, 0x00, 0x00, 0x00, 0x00, 0x0
 29COOL       AUTO    OFF  0x64, 0x80, 0x00, 0x26, 0xC0, 0x40, 0x00, 0x00, 0x00, 0x00, 0x0
 30COOL       AUTO    OFF  0x64, 0x80, 0x00, 0x26, 0xC0, 0x80, 0x00, 0x00, 0x00, 0x00, 0x0
 16COOL       LOW     OFF  0x64, 0x80, 0x00, 0x26, 0xC0, 0xF0, 0x40, 0x00, 0x00, 0x00, 0x0
 17COOL       LOW     OFF  0x64, 0x80, 0x00, 0x26, 0xC0, 0x70, 0x40, 0x00, 0x00, 0x00, 0x0
 18COOL       LOW     OFF  0x64, 0x80, 0x00, 0x26, 0xC0, 0xB0, 0x40, 0x00, 0x00, 0x00, 0x0
 19COOL       LOW     OFF  0x64, 0x80, 0x00, 0x26, 0xC0, 0x30, 0x40, 0x00, 0x00, 0x00, 0x0
 20COOL       LOW     OFF  0x64, 0x80, 0x00, 0x26, 0xC0, 0xD0, 0x40, 0x00, 0x00, 0x00, 0x0
 21COOL       LOW     OFF  0x64, 0x80, 0x00, 0x26, 0xC0, 0x50, 0x40, 0x00, 0x00, 0x00, 0x0
 22COOL       LOW     OFF  0x64, 0x80, 0x00, 0x26, 0xC0, 0x90, 0x40, 0x00, 0x00, 0x00, 0x0
 23COOL       LOW     OFF  0x64, 0x80, 0x00, 0x26, 0xC0, 0x10, 0x40, 0x00, 0x00, 0x00, 0x0
 24COOL       LOW     OFF  0x64, 0x80, 0x00, 0x26, 0xC0, 0xE0, 0x40, 0x00, 0x00, 0x00, 0x0
 25COOL       LOW     OFF  0x64, 0x80, 0x00, 0x26, 0xC0, 0x60, 0x40, 0x00, 0x00, 0x00, 0x0
 26COOL       LOW     OFF  0x64, 0x80, 0x00, 0x26, 0xC0, 0xA0, 0x40, 0x00, 0x00, 0x00, 0x0
 27COOL       LOW     OFF  0x64, 0x80, 0x00, 0x26, 0xC0, 0x20, 0x40, 0x00, 0x00, 0x00, 0x0
 28COOL       LOW     OFF  0x64, 0x80, 0x00, 0x26, 0xC0, 0xC0, 0x40, 0x00, 0x00, 0x00, 0x0
 29COOL       LOW     OFF  0x64, 0x80, 0x00, 0x26, 0xC0, 0x40, 0x40, 0x00, 0x00, 0x00, 0x0
 30COOL       LOW     OFF  0x64, 0x80, 0x00, 0x26, 0xC0, 0x80, 0x40, 0x00, 0x00, 0x00, 0x0
 16COOL       MEDIUM  OFF  0x64, 0x80, 0x00, 0x26, 0xC0, 0xF0, 0xC0, 0x00, 0x00, 0x00, 0x0
 17COOL       MEDIUM  OFF  0x64, 0x80, 0x00, 0x26, 0xC0, 0x70, 0xC0, 0x00, 0x00, 0x00, 0x0
 18COOL       MEDIUM  OFF  0x64, 0x80, 0x00, 0x26, 0xC0, 0xB0, 0xC0, 0x00, 0x00, 0x00, 0x0
 19COOL       MEDIUM  OFF  0x64, 0x80, 0x00, 0x26, 0xC0, 0x30, 0xC0, 0x00, 0x00, 0x00, 0x0
 20COOL       MEDIUM  OFF  0x64, 0x80, 0x00, 0x26, 0xC0, 0xD0, 0xC0, 0x00, 0x00, 0x00, 0x0
 21COOL       MEDIUM  OFF  0x64, 0x80, 0x00, 0x26, 0xC0, 0x50, 0xC0, 0x00, 0x00, 0x00, 0x0
 22COOL       MEDIUM  OFF  0x64, 0x80, 0x00, 0x26, 0xC0, 0x90, 0xC0, 0x00, 0x00, 0x00, 0x0
 23COOL       MEDIUM  OFF  0x64, 0x80, 0x00, 0x26, 0xC0, 0x10, 0xC0, 0x00, 0x00, 0x00, 0x0
 24COOL       MEDIUM  OFF  0x64, 0x80, 0x00, 0x26, 0xC0, 0xE0, 0xC0, 0x00, 0x00, 0x00, 0x0
 25COOL       MEDIUM  OFF  0x64, 0x80, 0x00, 0x26, 0xC0, 0x60, 0xC0, 0x00, 0x00, 0x00, 0x0
 26COOL       MEDIUM  OFF  0x64, 0x80, 0x00, 0x26, 0xC0, 0xA0, 0xC0, 0x00, 0x00, 0x00, 0x0
 27COOL       MEDIUM  OFF  0x64, 0x80, 0x00, 0x26, 0xC0, 0x20, 0xC0, 0x00, 0x00, 0x00, 0x0
 28COOL       MEDIUM  OFF  0x64, 0x80, 0x00, 0x26, 0xC0, 0xC0, 0xC0, 0x00, 0x00, 0x00, 0x0
 29COOL       MEDIUM  OFF  0x64, 0x80, 0x00, 0x26, 0xC0, 0x40, 0xC0, 0x00, 0x00, 0x00, 0x0
 30COOL       MEDIUM  OFF  0x64, 0x80, 0x00, 0x26, 0xC0, 0x80, 0xC0, 0x00, 0x00, 0x00, 0x0
 16COOL       HIGH    OFF  0x64, 0x80, 0x00, 0x26, 0xC0, 0xF0, 0xA0, 0x00, 0x00, 0x00, 0x0
 17COOL       HIGH    OFF  0x64, 0x80, 0x00, 0x26, 0xC0, 0x70, 0xA0, 0x00, 0x00, 0x00, 0x0
 18COOL       HIGH    OFF  0x64, 0x80, 0x00, 0x26, 0xC0, 0xB0, 0xA0, 0x00, 0x00, 0x00, 0x0
 19COOL       HIGH    OFF  0x64, 0x80, 0x00, 0x26, 0xC0, 0x30, 0xA0, 0x00, 0x00, 0x00, 0x0
 20COOL       HIGH    OFF  0x64, 0x80, 0x00, 0x26, 0xC0, 0xD0, 0xA0, 0x00, 0x00, 0x00, 0x0
 21COOL       HIGH    OFF  0x64, 0x80, 0x00, 0x26, 0xC0, 0x50, 0xA0, 0x00, 0x00, 0x00, 0x0
 22COOL       HIGH    OFF  0x64, 0x80, 0x00, 0x26, 0xC0, 0x90, 0xA0, 0x00, 0x00, 0x00, 0x0
 23COOL       HIGH    OFF  0x64, 0x80, 0x00, 0x26, 0xC0, 0x10, 0xA0, 0x00, 0x00, 0x00, 0x0
 24COOL       HIGH    OFF  0x64, 0x80, 0x00, 0x26, 0xC0, 0xE0, 0xA0, 0x00, 0x00, 0x00, 0x0
 25COOL       HIGH    OFF  0x64, 0x80, 0x00, 0x26, 0xC0, 0x60, 0xA0, 0x00, 0x00, 0x00, 0x0
 26COOL       HIGH    OFF  0x64, 0x80, 0x00, 0x26, 0xC0, 0xA0, 0xA0, 0x00, 0x00, 0x00, 0x0
 27COOL       HIGH    OFF  0x64, 0x80, 0x00, 0x26, 0xC0, 0x20, 0xA0, 0x00, 0x00, 0x00, 0x0
 28COOL       HIGH    OFF  0x64, 0x80, 0x00, 0x26, 0xC0, 0xC0, 0xA0, 0x00, 0x00, 0x00, 0x0
 29COOL       HIGH    OFF  0x64, 0x80, 0x00, 0x26, 0xC0, 0x40, 0xA0, 0x00, 0x00, 0x00, 0x0
 30COOL       HIGH    OFF  0x64, 0x80, 0x00, 0x26, 0xC0, 0x80, 0xA0, 0x00, 0x00, 0x00, 0x0
 16COOL       AUTO    ON   0x64, 0x80, 0x00, 0x26, 0xC0, 0xF0, 0x1C, 0x00, 0x00, 0x00, 0x0
 17COOL       AUTO    ON   0x64, 0x80, 0x00, 0x26, 0xC0, 0x70, 0x1C, 0x00, 0x00, 0x00, 0x0
 18COOL       AUTO    ON   0x64, 0x80, 0x00, 0x26, 0xC0, 0xB0, 0x1C, 0x00, 0x00, 0x00, 0x0
 19COOL       AUTO    ON   0x64, 0x80, 0x00, 0x26, 0xC0, 0x30, 0x1C, 0x00, 0x00, 0x00, 0x0
 20COOL       AUTO    ON   0x64, 0x80, 0x00, 0x26, 0xC0, 0xD0, 0x1C, 0x00, 0x00, 0x00, 0x0
 21COOL       AUTO    ON   0x64, 0x80, 0x00, 0x26, 0xC0, 0x50, 0x1C, 0x00, 0x00, 0x00, 0x0
 22COOL       AUTO    ON   0x64, 0x80, 0x00, 0x26, 0xC0, 0x90, 0x1C, 0x00, 0x00, 0x00, 0x0
 23COOL       AUTO    ON   0x64, 0x80, 0x00, 0x26, 0xC0, 0x10, 0x1C, 0x00, 0x00, 0x00, 0x0
 24COOL       AUTO    ON   0x64, 0x80, 0x00, 0x26, 0xC0, 0xE0, 0x1C, 0x00, 0x00, 0x00, 0x0
 25COOL       AUTO    ON   0x64, 0x80, 0x00, 0x26, 0xC0, 0x60, 0x1C, 0x00, 0x00, 0x00, 0x0
 26COOL       AUTO    ON   0x64, 0x80, 0x00, 0x26, 0xC0, 0xA0, 0x1C, 0x00, 0x00, 0x00, 0x0
 27COOL       AUTO    ON   0x64, 0x80, 0x00, 0x26, 0xC0, 0x20, 0x1C, 0x00, 0x00, 0x00, 0x0
 28COOL       AUTO    ON   0x64, 0x80, 0x00, 0x26, 0xC0, 0xC0, 0x1C, 0x00, 0x00, 0x00, 0x0
 29COOL       AUTO    ON   0x64, 0x80, 0x00, 0x26, 0xC0, 0x40, 0x1C, 0x00, 0x00, 0x00, 0x0
 30COOL       AUTO    ON   0x64, 0x80, 0x00, 0x26, 0xC0, 0x80, 0x1C, 0x00, 0x00, 0x00, 0x0
 16COOL       LOW     ON   0x64, 0x80, 0x00, 0x26, 0xC0, 0xF0, 0x5C, 0x00, 0x00, 0x00, 0x0
 17COOL       LOW     ON   0x64, 0x80, 0x00, 0x26, 0xC0, 0x70, 0x5C, 0x00, 0x00, 0x00, 0x0
 18COOL       LOW     ON   0x64, 0x80, 0x00, 0x26, 0xC0, 0xB0, 0x5C, 0x00, 0x00, 0x00, 0x0
 19COOL       LOW     ON   0x64, 0x80, 0x00, 0x26, 0xC0, 0x30, 0x5C, 0x00, 0x00, 0x00, 0x0
 20COOL       LOW     ON   0x64, 0x80, 0x00, 0x26, 0xC0, 0xD0, 0x5C, 0x00, 0x00, 0x00, 0x0
 21COOL       LOW     ON   0x64, 0x80, 0x00, 0x26, 0xC0, 0x50, 0x5C, 0x00, 0x00, 0x00, 0x0
 22COOL       LOW     ON   0x64, 0x80, 0x00, 0x26, 0xC0, 0x90, 0x5C, 0x00, 0x00, 0x00, 0x0
 23COOL       LOW     ON   0x64, 0x80, 0x00, 0x26, 0xC0, 0x10, 0x5C, 0x00, 0x00, 0x00, 0x0
 24COOL       LOW     ON   0x64, 0x80, 0x00, 0x26, 0xC0, 0xE0, 0x5C, 0x00, 0x00, 0x00, 0x0
 25COOL       LOW     ON   0x64, 0x80, 0x00, 0x26, 0xC0, 0x60, 0x5C, 0x00, 0x00, 0x00, 0x0
 26COOL       LOW     ON   0x64, 0x80, 0x00, 0x26, 0xC0, 0xA0, 0x5C, 0x00, 0x00, 0x00, 0x0
 27COOL       LOW     ON   0x64, 0x80, 0x00, 0x26, 0xC0, 0x20, 0x5C, 0x00, 0x00, 0x00, 0x0
 28COOL       LOW     ON   0x64, 0x80, 0x00, 0x26, 0xC0, 0xC0, 0x5C, 0x00, 0x00, 0x00, 0x0
 29COOL       LOW     ON   0x64, 0x80, 0x00, 0x26, 0xC0, 0x40, 0x5C, 0x00, 0x00, 0x00, 0x0
 30COOL       LOW     ON   0x64, 0x80, 0x00, 0x26, 0xC0, 0x80, 0x5C, 0x00, 0x00, 0x00, 0x0
 16COOL       MEDIUM  ON   0x64, 0x80, 0x00, 0x26, 0xC0, 0xF0, 0xDC, 0x00, 0x00, 0x00, 0x0
 17COOL       MEDIUM  ON   0x64, 0x80, 0x00, 0x26, 0xC0, 0x70, 0xDC, 0x00, 0x00, 0x00, 0x0
 18COOL       MEDIUM  ON   0x64, 0x80, 0x00, 0x26, 0xC0, 0xB0, 0xDC, 0x00, 0x00, 0x00, 0x0
 19COOL       MEDIUM  ON   0x64, 0x80, 0x00, 0x26, 0xC0, 0x30, 0xDC, 0x00, 0x00, 0x00, 0x0
 20COOL       MEDIUM  ON   0x64, 0x80, 0x00, 0x26, 0xC0, 0xD0, 0xDC, 0x00, 0x00, 0x00, 0x0
 21COOL       MEDIUM  ON   0x64, 0x80, 0x00, 0x26, 0xC0, 0x50, 0xDC, 0x00, 0x00, 0x00, 0x0
 22COOL       MEDIUM  ON   0x64, 0x80, 0x00, 0x26, 0xC0, 0x90, 0xDC, 0x00, 0x00, 0x00, 0x0
 23COOL       MEDIUM  ON   0x64, 0x80, 0x00, 0x26, 0xC0, 0x10, 0xDC, 0x00, 0x00, 0x00, 0x0
 24COOL       MEDIUM  ON   0x64, 0x80, 0x00, 0x26, 0xC0, 0xE0, 0xDC, 0x00, 0x00, 0x00, 0x0
 25COOL       MEDIUM  ON   0x64, 0x80, 0x00, 0x26, 0xC0, 0x60, 0xDC, 0x00, 0x00, 0x00, 0x0
 26COOL       MEDIUM  ON   0x64, 0x80, 0x00, 0x26, 0xC0, 0xA0, 0xDC, 0x00, 0x00, 0x00, 0x0
 27COOL       MEDIUM  ON   0x64, 0x80, 0x00, 0x26, 0xC0, 0x20, 0xDC, 0x00, 0x00, 0x00, 0x0
 28COOL       MEDIUM  ON   0x64, 0x80, 0x00, 0x26, 0xC0, 0xC0, 0xDC, 0x00, 0x00, 0x00, 0x0
 29COOL       MEDIUM  ON   0x64, 0x80, 0x00, 0x26, 0xC0, 0x40, 0xDC, 0x00, 0x00, 0x00, 0x0
 30COOL       MEDIUM  ON   0x64, 0x80, 0x00, 0x26, 0xC0, 0x80, 0xDC, 0x00, 0x00, 0x00, 0x0
 16COOL       HIGH    ON   0x64, 0x80, 0x00, 0x26, 0xC0, 0xF0, 0xBC, 0x00, 0x00, 0x00, 0x0
 17COOL       HIGH    ON   0x64, 0x80, 0x00, 0x26, 0xC0, 0x70, 0xBC, 0x00, 0x00, 0x00, 0x0
 18COOL       HIGH    ON   0x64, 0x80, 0x00, 0x26, 0xC0, 0xB0, 0xBC, 0x00, 0x00, 0x00, 0x0
 19COOL       HIGH    ON   0x64, 0x80, 0x00, 0x26, 0xC0, 0x30, 0xBC, 0x00, 0x00, 0x00, 0x0
 20COOL       HIGH    ON   0x64, 0x80, 0x00, 0x26, 0xC0, 0xD0, 0xBC, 0x00, 0x00, 0x00, 0x0
 21COOL       HIGH    ON   0x64, 0x80, 0x00, 0x26, 0xC0, 0x50, 0xBC, 0x00, 0x00, 0x00, 0x0
 22COOL       HIGH    ON   0x64, 0x80, 0x00, 0x26, 0xC0, 0x90, 0xBC, 0x00, 0x00, 0x00, 0x0
 23COOL       HIGH    ON   0x64, 0x80, 0x00, 0x26, 0xC0, 0x10, 0xBC, 0x00, 0x00, 0x00, 0x0
 24COOL       HIGH    ON   0x64, 0x80, 0x00, 0x26, 0xC0, 0xE0, 0xBC, 0x00, 0x00, 0x00, 0x0
 25COOL       HIGH    ON   0x64, 0x80, 0x00, 0x26, 0xC0, 0x60, 0xBC, 0x00, 0x00, 0x00, 0x0
 26COOL       HIGH    ON   0x64, 0x80, 0x00, 0x26, 0xC0, 0xA0, 0xBC, 0x00, 0x00, 0x00, 0x0
 27COOL       HIGH    ON   0x64, 0x80, 0x00, 0x26, 0xC0, 0x20, 0xBC, 0x00, 0x00, 0x00, 0x0
 28COOL       HIGH    ON   0x64, 0x80, 0x00, 0x26, 0xC0, 0xC0, 0xBC, 0x00, 0x00, 0x00, 0x0
 29COOL       HIGH    ON   0x64, 0x80, 0x00, 0x26, 0xC0, 0x40, 0xBC, 0x00, 0x00, 0x00, 0x0
 30COOL       HIGH    ON   0x64, 0x80, 0x00, 0x26, 0xC0, 0x80, 0xBC, 0x00, 0x00, 0x00, 0x0
-  AUTO       AUTO    ON   0x64, 0x80, 0x00, 0x24, 0x10, 0xF0, 0x1C, 0x00, 0x00, 0x00, 0x0
-  AUTO       LOW     ON   0x64, 0x80, 0x00, 0x24, 0x10, 0xF0, 0x5C, 0x00, 0x00, 0x00, 0x0
-  AUTO       MEDIUM  ON   0x64, 0x80, 0x00, 0x24, 0x10, 0xF0, 0xDC, 0x00, 0x00, 0x00, 0x0
-  AUTO       HIGH    ON   0x64, 0x80, 0x00, 0x24, 0x10, 0xF0, 0xBC, 0x00, 0x00, 0x00, 0x0
-  AUTO       AUTO    OFF  0x64, 0x80, 0x00, 0x24, 0x10, 0xF0, 0x00, 0x00, 0x00, 0x00, 0x0
-  AUTO       LOW     OFF  0x64, 0x80, 0x00, 0x24, 0x10, 0xF0, 0x40, 0x00, 0x00, 0x00, 0x0
-  AUTO       MEDIUM  OFF  0x64, 0x80, 0x00, 0x24, 0x10, 0xF0, 0xC0, 0x00, 0x00, 0x00, 0x0
-  AUTO       HIGH    OFF  0x64, 0x80, 0x00, 0x24, 0x10, 0xF0, 0xA0, 0x00, 0x00, 0x00, 0x0
-  DRY        AUTO    ON   0x64, 0x80, 0x00, 0x24, 0x40, 0xF0, 0x1C, 0x00, 0x00, 0x00, 0x0
-  DRY        AUTO    OFF  0x64, 0x80, 0x00, 0x24, 0x40, 0xF0, 0x10, 0x00, 0x00, 0x00, 0x0
 16HEAT       AUTO    OFF  0x64, 0x80, 0x00, 0x24, 0x80, 0xF0, 0x00, 0x00, 0x00, 0x00, 0x0
 17HEAT       AUTO    OFF  0x64, 0x80, 0x00, 0x24, 0x80, 0x70, 0x00, 0x00, 0x00, 0x00, 0x0
 18HEAT       AUTO    OFF  0x64, 0x80, 0x00, 0x24, 0x80, 0xB0, 0x00, 0x00, 0x00, 0x00, 0x0
 19HEAT       AUTO    OFF  0x64, 0x80, 0x00, 0x24, 0x80, 0x30, 0x00, 0x00, 0x00, 0x00, 0x0
 20HEAT       AUTO    OFF  0x64, 0x80, 0x00, 0x24, 0x80, 0xD0, 0x00, 0x00, 0x00, 0x00, 0x0
 21HEAT       AUTO    OFF  0x64, 0x80, 0x00, 0x24, 0x80, 0x50, 0x00, 0x00, 0x00, 0x00, 0x0
 22HEAT       AUTO    OFF  0x64, 0x80, 0x00, 0x24, 0x80, 0x90, 0x00, 0x00, 0x00, 0x00, 0x0
 23HEAT       AUTO    OFF  0x64, 0x80, 0x00, 0x24, 0x80, 0x10, 0x00, 0x00, 0x00, 0x00, 0x0
 24HEAT       AUTO    OFF  0x64, 0x80, 0x00, 0x24, 0x80, 0xE0, 0x00, 0x00, 0x00, 0x00, 0x0
 25HEAT       AUTO    OFF  0x64, 0x80, 0x00, 0x24, 0x80, 0x60, 0x00, 0x00, 0x00, 0x00, 0x0
 26HEAT       AUTO    OFF  0x64, 0x80, 0x00, 0x24, 0x80, 0xA0, 0x00, 0x00, 0x00, 0x00, 0x0
 27HEAT       AUTO    OFF  0x64, 0x80, 0x00, 0x24, 0x80, 0x20, 0x00, 0x00, 0x00, 0x00, 0x0
 28HEAT       AUTO    OFF  0x64, 0x80, 0x00, 0x24, 0x80, 0xC0, 0x00, 0x00, 0x00, 0x00, 0x0
 29HEAT       AUTO    OFF  0x64, 0x80, 0x00, 0x24, 0x80, 0x40, 0x00, 0x00, 0x00, 0x00, 0x0
 30HEAT       AUTO    OFF  0x64, 0x80, 0x00, 0x24, 0x80, 0x80, 0x00, 0x00, 0x00, 0x00, 0x0
 16HEAT       LOW     OFF  0x64, 0x80, 0x00, 0x24, 0x80, 0xF0, 0x40, 0x00, 0x00, 0x00, 0x0
 17HEAT       LOW     OFF  0x64, 0x80, 0x00, 0x24, 0x80, 0x70, 0x40, 0x00, 0x00, 0x00, 0x0
 18HEAT       LOW     OFF  0x64, 0x80, 0x00, 0x24, 0x80, 0xB0, 0x40, 0x00, 0x00, 0x00, 0x0
 19HEAT       LOW     OFF  0x64, 0x80, 0x00, 0x24, 0x80, 0x30, 0x40, 0x00, 0x00, 0x00, 0x0
 20HEAT       LOW     OFF  0x64, 0x80, 0x00, 0x24, 0x80, 0xD0, 0x40, 0x00, 0x00, 0x00, 0x0
 21HEAT       LOW     OFF  0x64, 0x80, 0x00, 0x24, 0x80, 0x50, 0x40, 0x00, 0x00, 0x00, 0x0
 22HEAT       LOW     OFF  0x64, 0x80, 0x00, 0x24, 0x80, 0x90, 0x40, 0x00, 0x00, 0x00, 0x0
 23HEAT       LOW     OFF  0x64, 0x80, 0x00, 0x24, 0x80, 0x10, 0x40, 0x00, 0x00, 0x00, 0x0
 24HEAT       LOW     OFF  0x64, 0x80, 0x00, 0x24, 0x80, 0xE0, 0x40, 0x00, 0x00, 0x00, 0x0
 25HEAT       LOW     OFF  0x64, 0x80, 0x00, 0x24, 0x80, 0x60, 0x40, 0x00, 0x00, 0x00, 0x0
 26HEAT       LOW     OFF  0x64, 0x80, 0x00, 0x24, 0x80, 0xA0, 0x40, 0x00, 0x00, 0x00, 0x0
 27HEAT       LOW     OFF  0x64, 0x80, 0x00, 0x24, 0x80, 0x20, 0x40, 0x00, 0x00, 0x00, 0x0
 28HEAT       LOW     OFF  0x64, 0x80, 0x00, 0x24, 0x80, 0xC0, 0x40, 0x00, 0x00, 0x00, 0x0
 29HEAT       LOW     OFF  0x64, 0x80, 0x00, 0x24, 0x80, 0x40, 0x40, 0x00, 0x00, 0x00, 0x0
 30HEAT       LOW     OFF  0x64, 0x80, 0x00, 0x24, 0x80, 0x80, 0x40, 0x00, 0x00, 0x00, 0x0
 16HEAT       MEDIUM  OFF  0x64, 0x80, 0x00, 0x24, 0x80, 0xF0, 0xC0, 0x00, 0x00, 0x00, 0x0
 17HEAT       MEDIUM  OFF  0x64, 0x80, 0x00, 0x24, 0x80, 0x70, 0xC0, 0x00, 0x00, 0x00, 0x0
 18HEAT       MEDIUM  OFF  0x64, 0x80, 0x00, 0x24, 0x80, 0xB0, 0xC0, 0x00, 0x00, 0x00, 0x0
 19HEAT       MEDIUM  OFF  0x64, 0x80, 0x00, 0x24, 0x80, 0x30, 0xC0, 0x00, 0x00, 0x00, 0x0
 20HEAT       MEDIUM  OFF  0x64, 0x80, 0x00, 0x24, 0x80, 0xD0, 0xC0, 0x00, 0x00, 0x00, 0x0
 21HEAT       MEDIUM  OFF  0x64, 0x80, 0x00, 0x24, 0x80, 0x50, 0xC0, 0x00, 0x00, 0x00, 0x0
 22HEAT       MEDIUM  OFF  0x64, 0x80, 0x00, 0x24, 0x80, 0x90, 0xC0, 0x00, 0x00, 0x00, 0x0
 23HEAT       MEDIUM  OFF  0x64, 0x80, 0x00, 0x24, 0x80, 0x10, 0xC0, 0x00, 0x00, 0x00, 0x0
 24HEAT       MEDIUM  OFF  0x64, 0x80, 0x00, 0x24, 0x80, 0xE0, 0xC0, 0x00, 0x00, 0x00, 0x0
 25HEAT       MEDIUM  OFF  0x64, 0x80, 0x00, 0x24, 0x80, 0x60, 0xC0, 0x00, 0x00, 0x00, 0x0
 26HEAT       MEDIUM  OFF  0x64, 0x80, 0x00, 0x24, 0x80, 0xA0, 0xC0, 0x00, 0x00, 0x00, 0x0
 27HEAT       MEDIUM  OFF  0x64, 0x80, 0x00, 0x24, 0x80, 0x20, 0xC0, 0x00, 0x00, 0x00, 0x0
 28HEAT       MEDIUM  OFF  0x64, 0x80, 0x00, 0x24, 0x80, 0xC0, 0xC0, 0x00, 0x00, 0x00, 0x0
 29HEAT       MEDIUM  OFF  0x64, 0x80, 0x00, 0x24, 0x80, 0x40, 0xC0, 0x00, 0x00, 0x00, 0x0
 30HEAT       MEDIUM  OFF  0x64, 0x80, 0x00, 0x24, 0x80, 0x80, 0xC0, 0x00, 0x00, 0x00, 0x0
 16HEAT       HIGH    OFF  0x64, 0x80, 0x00, 0x24, 0x80, 0xF0, 0xA0, 0x00, 0x00, 0x00, 0x0
 17HEAT       HIGH    OFF  0x64, 0x80, 0x00, 0x24, 0x80, 0x70, 0xA0, 0x00, 0x00, 0x00, 0x0
 18HEAT       HIGH    OFF  0x64, 0x80, 0x00, 0x24, 0x80, 0xB0, 0xA0, 0x00, 0x00, 0x00, 0x0
 19HEAT       HIGH    OFF  0x64, 0x80, 0x00, 0x24, 0x80, 0x30, 0xA0, 0x00, 0x00, 0x00, 0x0
 20HEAT       HIGH    OFF  0x64, 0x80, 0x00, 0x24, 0x80, 0xD0, 0xA0, 0x00, 0x00, 0x00, 0x0
 21HEAT       HIGH    OFF  0x64, 0x80, 0x00, 0x24, 0x80, 0x50, 0xA0, 0x00, 0x00, 0x00, 0x0
 22HEAT       HIGH    OFF  0x64, 0x80, 0x00, 0x24, 0x80, 0x90, 0xA0, 0x00, 0x00, 0x00, 0x0
 23HEAT       HIGH    OFF  0x64, 0x80, 0x00, 0x24, 0x80, 0x10, 0xA0, 0x00, 0x00, 0x00, 0x0
 24HEAT       HIGH    OFF  0x64, 0x80, 0x00, 0x24, 0x80, 0xE0, 0xA0, 0x00, 0x00, 0x00, 0x0
 25HEAT       HIGH    OFF  0x64, 0x80, 0x00, 0x24, 0x80, 0x60, 0xA0, 0x00, 0x00, 0x00, 0x0
 26HEAT       HIGH    OFF  0x64, 0x80, 0x00, 0x24, 0x80, 0xA0, 0xA0, 0x00, 0x00, 0x00, 0x0
 27HEAT       HIGH    OFF  0x64, 0x80, 0x00, 0x24, 0x80, 0x20, 0xA0, 0x00, 0x00, 0x00, 0x0
 28HEAT       HIGH    OFF  0x64, 0x80, 0x00, 0x24, 0x80, 0xC0, 0xA0, 0x00, 0x00, 0x00, 0x0
 29HEAT       HIGH    OFF  0x64, 0x80, 0x00, 0x24, 0x80, 0x40, 0xA0, 0x00, 0x00, 0x00, 0x0
 30HEAT       HIGH    OFF  0x64, 0x80, 0x00, 0x24, 0x80, 0x80, 0xA0, 0x00, 0x00, 0x00, 0x0
 16HEAT       AUTO    ON   0x64, 0x80, 0x00, 0x24, 0x80, 0xF0, 0x1C, 0x00, 0x00, 0x00, 0x0
 17HEAT       AUTO    ON   0x64, 0x80, 0x00, 0x24, 0x80, 0x70, 0x1C, 0x00, 0x00, 0x00, 0x0
 18HEAT       AUTO    ON   0x64, 0x80, 0x00, 0x24, 0x80, 0xB0, 0x1C, 0x00, 0x00, 0x00, 0x0
 19HEAT       AUTO    ON   0x64, 0x80, 0x00, 0x24, 0x80, 0x30, 0x1C, 0x00, 0x00, 0x00, 0x0
 20HEAT       AUTO    ON   0x64, 0x80, 0x00, 0x24, 0x80, 0xD0, 0x1C, 0x00, 0x00, 0x00, 0x0
 21HEAT       AUTO    ON   0x64, 0x80, 0x00, 0x24, 0x80, 0x50, 0x1C, 0x00, 0x00, 0x00, 0x0
 22HEAT       AUTO    ON   0x64, 0x80, 0x00, 0x24, 0x80, 0x90, 0x1C, 0x00, 0x00, 0x00, 0x0
 23HEAT       AUTO    ON   0x64, 0x80, 0x00, 0x24, 0x80, 0x10, 0x1C, 0x00, 0x00, 0x00, 0x0
 24HEAT       AUTO    ON   0x64, 0x80, 0x00, 0x24, 0x80, 0xE0, 0x1C, 0x00, 0x00, 0x00, 0x0
 25HEAT       AUTO    ON   0x64, 0x80, 0x00, 0x24, 0x80, 0x60, 0x1C, 0x00, 0x00, 0x00, 0x0
 26HEAT       AUTO    ON   0x64, 0x80, 0x00, 0x24, 0x80, 0xA0, 0x1C, 0x00, 0x00, 0x00, 0x0
 27HEAT       AUTO    ON   0x64, 0x80, 0x00, 0x24, 0x80, 0x20, 0x1C, 0x00, 0x00, 0x00, 0x0
 28HEAT       AUTO    ON   0x64, 0x80, 0x00, 0x24, 0x80, 0xC0, 0x1C, 0x00, 0x00, 0x00, 0x0
 29HEAT       AUTO    ON   0x64, 0x80, 0x00, 0x24, 0x80, 0x40, 0x1C, 0x00, 0x00, 0x00, 0x0
 30HEAT       AUTO    ON   0x64, 0x80, 0x00, 0x24, 0x80, 0x80, 0x1C, 0x00, 0x00, 0x00, 0x0
 16HEAT       LOW     ON   0x64, 0x80, 0x00, 0x24, 0x80, 0xF0, 0x5C, 0x00, 0x00, 0x00, 0x0
 17HEAT       LOW     ON   0x64, 0x80, 0x00, 0x24, 0x80, 0x70, 0x5C, 0x00, 0x00, 0x00, 0x0
 18HEAT       LOW     ON   0x64, 0x80, 0x00, 0x24, 0x80, 0xB0, 0x5C, 0x00, 0x00, 0x00, 0x0
 19HEAT       LOW     ON   0x64, 0x80, 0x00, 0x24, 0x80, 0x30, 0x5C, 0x00, 0x00, 0x00, 0x0
 20HEAT       LOW     ON   0x64, 0x80, 0x00, 0x24, 0x80, 0xD0, 0x5C, 0x00, 0x00, 0x00, 0x0
 21HEAT       LOW     ON   0x64, 0x80, 0x00, 0x24, 0x80, 0x50, 0x5C, 0x00, 0x00, 0x00, 0x0
 22HEAT       LOW     ON   0x64, 0x80, 0x00, 0x24, 0x80, 0x90, 0x5C, 0x00, 0x00, 0x00, 0x0
 23HEAT       LOW     ON   0x64, 0x80, 0x00, 0x24, 0x80, 0x10, 0x5C, 0x00, 0x00, 0x00, 0x0
 24HEAT       LOW     ON   0x64, 0x80, 0x00, 0x24, 0x80, 0xE0, 0x5C, 0x00, 0x00, 0x00, 0x0
 25HEAT       LOW     ON   0x64, 0x80, 0x00, 0x24, 0x80, 0x60, 0x5C, 0x00, 0x00, 0x00, 0x0
 26HEAT       LOW     ON   0x64, 0x80, 0x00, 0x24, 0x80, 0xA0, 0x5C, 0x00, 0x00, 0x00, 0x0
 27HEAT       LOW     ON   0x64, 0x80, 0x00, 0x24, 0x80, 0x20, 0x5C, 0x00, 0x00, 0x00, 0x0
 28HEAT       LOW     ON   0x64, 0x80, 0x00, 0x24, 0x80, 0xC0, 0x5C, 0x00, 0x00, 0x00, 0x0
 29HEAT       LOW     ON   0x64, 0x80, 0x00, 0x24, 0x80, 0x40, 0x5C, 0x00, 0x00, 0x00, 0x0
 30HEAT       LOW     ON   0x64, 0x80, 0x00, 0x24, 0x80, 0x80, 0x5C, 0x00, 0x00, 0x00, 0x0
 16HEAT       MEDIUM  ON   0x64, 0x80, 0x00, 0x24, 0x80, 0xF0, 0xDC, 0x00, 0x00, 0x00, 0x0
 17HEAT       MEDIUM  ON   0x64, 0x80, 0x00, 0x24, 0x80, 0x70, 0xDC, 0x00, 0x00, 0x00, 0x0
 18HEAT       MEDIUM  ON   0x64, 0x80, 0x00, 0x24, 0x80, 0xB0, 0xDC, 0x00, 0x00, 0x00, 0x0
 19HEAT       MEDIUM  ON   0x64, 0x80, 0x00, 0x24, 0x80, 0x30, 0xDC, 0x00, 0x00, 0x00, 0x0
 20HEAT       MEDIUM  ON   0x64, 0x80, 0x00, 0x24, 0x80, 0xD0, 0xDC, 0x00, 0x00, 0x00, 0x0
 21HEAT       MEDIUM  ON   0x64, 0x80, 0x00, 0x24, 0x80, 0x50, 0xDC, 0x00, 0x00, 0x00, 0x0
 22HEAT       MEDIUM  ON   0x64, 0x80, 0x00, 0x24, 0x80, 0x90, 0xDC, 0x00, 0x00, 0x00, 0x0
 23HEAT       MEDIUM  ON   0x64, 0x80, 0x00, 0x24, 0x80, 0x10, 0xDC, 0x00, 0x00, 0x00, 0x0
 24HEAT       MEDIUM  ON   0x64, 0x80, 0x00, 0x24, 0x80, 0xE0, 0xDC, 0x00, 0x00, 0x00, 0x0
 25HEAT       MEDIUM  ON   0x64, 0x80, 0x00, 0x24, 0x80, 0x60, 0xDC, 0x00, 0x00, 0x00, 0x0
 26HEAT       MEDIUM  ON   0x64, 0x80, 0x00, 0x24, 0x80, 0xA0, 0xDC, 0x00, 0x00, 0x00, 0x0
 27HEAT       MEDIUM  ON   0x64, 0x80, 0x00, 0x24, 0x80, 0x20, 0xDC, 0x00, 0x00, 0x00, 0x0
 28HEAT       MEDIUM  ON   0x64, 0x80, 0x00, 0x24, 0x80, 0xC0, 0xDC, 0x00, 0x00, 0x00, 0x0
 29HEAT       MEDIUM  ON   0x64, 0x80, 0x00, 0x24, 0x80, 0x40, 0xDC, 0x00, 0x00, 0x00, 0x0
 30HEAT       MEDIUM  ON   0x64, 0x80, 0x00, 0x24, 0x80, 0x80, 0xDC, 0x00, 0x00, 0x00, 0x0
 16HEAT       HIGH    ON   0x64, 0x80, 0x00, 0x24, 0x80, 0xF0, 0xBC, 0x00, 0x00, 0x00, 0x0
 17HEAT       HIGH    ON   0x64, 0x80, 0x00, 0x24, 0x80, 0x70, 0xBC, 0x00, 0x00, 0x00, 0x0
 18HEAT       HIGH    ON   0x64, 0x80, 0x00, 0x24, 0x80, 0xB0, 0xBC, 0x00, 0x00, 0x00, 0x0
 19HEAT       HIGH    ON   0x64, 0x80, 0x00, 0x24, 0x80, 0x30, 0xBC, 0x00, 0x00, 0x00, 0x0
 20HEAT       HIGH    ON   0x64, 0x80, 0x00, 0x24, 0x80, 0xD0, 0xBC, 0x00, 0x00, 0x00, 0x0
 21HEAT       HIGH    ON   0x64, 0x80, 0x00, 0x24, 0x80, 0x50, 0xBC, 0x00, 0x00, 0x00, 0x0
 22HEAT       HIGH    ON   0x64, 0x80, 0x00, 0x24, 0x80, 0x90, 0xBC, 0x00, 0x00, 0x00, 0x0
 23HEAT       HIGH    ON   0x64, 0x80, 0x00, 0x24, 0x80, 0x10, 0xBC, 0x00, 0x00, 0x00, 0x0
 24HEAT       HIGH    ON   0x64, 0x80, 0x00, 0x24, 0x80, 0xE0, 0xBC, 0x00, 0x00, 0x00, 0x0
 25HEAT       HIGH    ON   0x64, 0x80, 0x00, 0x24, 0x80, 0x60, 0xBC, 0x00, 0x00, 0x00, 0x0
 26HEAT       HIGH    ON   0x64, 0x80, 0x00, 0x24, 0x80, 0xA0, 0xBC, 0x00, 0x00, 0x00, 0x0
 27HEAT       HIGH    ON   0x64, 0x80, 0x00, 0x24, 0x80, 0x20, 0xBC, 0x00, 0x00, 0x00, 0x0
 28HEAT       HIGH    ON   0x64, 0x80, 0x00, 0x24, 0x80, 0xC0, 0xBC, 0x00, 0x00, 0x00, 0x0
 29HEAT       HIGH    ON   0x64, 0x80, 0x00, 0x24, 0x80, 0x40, 0xBC, 0x00, 0x00, 0x00, 0x0
 30HEAT       HIGH    ON   0x64, 0x80, 0x00, 0x24, 0x80, 0x80, 0xBC, 0x00, 0x00, 0x00, 0x0
   TURBO      HIGH    OFF  0x64, 0x80, 0x00, 0x26, 0xC2, 0xF0, 0xA0, 0x00, 0x00, 0x00, 0x0
   TURBO      AUTO    ON   0x64, 0x80, 0x00, 0x26, 0xC0, 0xA0, 0x1C, 0x00, 0x00, 0x00, 0x0
